"No Order","ID Higgs","Name Product",Qty,Price,Note,"Status Chip","Time Order"
,,,,,,,
3493989764,46506009,"CHIP MD HIGGS DOMINO 1M MURAH",20,124,"Chip Telah Terkirim",[01:06:42]
3493989947,"Invalid ID","CIP KOIN 1B UNGU MD DOMINO 1B PROMO",2,68500,"Chip Telah Terkirim",[01:08:02]
3493990478,6240955,"CIP MD HIGGS DOMINO 1M MURAH",13,124,"Chip Telah Terkirim",[01:10:05]
3493991204,508424768,"CIP HIGGS DOMINO 1B BUKAN MD ATAU UNGU",1,68500,"Chip Telah Terkirim",[01:14:21]
3493992251,159790009,"CIP HIGGS DOMINO 1B BUKAN MD ATAU UNGU",1,68500,"Chip Telah Terkirim",[01:18:33]
3493997870,384228525,"CIP HIGGS DOMINO 1B BUKAN MD ATAU UNGU",2,68500,"Chip Telah Terkirim",[01:48:00]
3494210282,365502639,"CIP HIGGS DOMINO 1B BUKAN MD ATAU UNGU",2,68500,"Chip Telah Terkirim",[21:49:37]
3494211596,"Invalid ID","CIP HIGGS DOMINO 1B BUKAN MD ATAU UNGU",1,34000,"Chip Telah Terkirim",[21:51:52]
3494215907,209132692,"CIP HIGGS DOMINO 1B BUKAN MD ATAU UNGU",1,68500,"Chip Telah Terkirim",[22:06:14]
3494218181,30393963,"CHIP KOIN 1B COIN HIGS HIGGS DOMINO ISLAND TERJANGKAU BUKAN MD atau UNGU",1,68500,"Chip Telah Terkirim",[22:14:26]
3494232395,"Invalid ID","CIP HIGGS DOMINO 1B BUKAN MD ATAU UNGU",3,68500,"Chip Telah Terkirim",[23:04:25]
