"No Order","ID Higgs","Name Product",Qty,Price,Note,"Status Chip","Time Order"
,,,,,,,
3493993334,135978407,"CHIP MD HIGGS DOMINO 1M MURAH",4,124,"Chip Telah Terkirim",[01:28:12]
3493993055,130253609,"CHIP MD HIGGS DOMINO 1M MURAH",33,124,"Chip Telah Terkirim",[01:28:24]
3493993085,317767657,"CHIP KOIN 1B MD UNGU DOMINO 1B",1,68500,"Chip Telah Terkirim",[01:28:29]
3493995203,331199657,"CHIP KOIN 1B MD UNGU DOMINO 1B",1,68500,"Chip Telah Terkirim",[01:33:14]
3493995848,253938849,"CIP KOIN MD / UNGU HIGGS DOMINO 1B TERJANGKAU",3,68500,"Chip Telah Terkirim",[01:36:59]
3493996418,289322901,"CHIP MD HIGGS DOMINO 1M MURAH",32,124,"Chip Telah Terkirim",[01:39:55]
3493996802,88210283,"CIP MD HIGGS DOMINO 1M MURAH",6,124,"Chip Telah Terkirim",[01:42:10]
3493997786,232821981,"CIP MD DOMINO 1B",1,68500,"Chip Telah Terkirim",[01:48:17]
3493998572,55993173,"CHIP MD HIGGS DOMINO 1M MURAH",33,124,"Chip Telah Terkirim",[01:53:07]
3494001443,158269813,"CHIP MD HIGGS DOMINO 1M MURAH",9,124,"Chip Telah Terkirim",[02:14:19]
3494003228,258764590,"CHIP MD DOMINO 1M MURAH",10,124,"Chip Telah Terkirim",[02:23:00]
3494003309,14111557,"CHIP MD HIGGS DOMINO 1M MURAH",13,124,"Chip Belum Terkirim Bro",[02:23:31]
3494197010,218384843,"CHIP MD HIGGS DOMINO 1M MURAH",3,124,"Chip Belum Terkirim Bro",[21:34:32]
3494149877,201871509,"CHIP MD HIGGS DOMINO 1M MURAH",10,124,"Chip Belum Terkirim Bro",[21:34:37]
3494139113,2306163,"CHIP MD HIGGS DOMINO 1M TERMURAH",11,124,"Chip Belum Terkirim Bro",[21:34:43]
3494127527,2372273,"CHIP MD HIGGS DOMINO 1M TERMURAH",10,124,"Chip Belum Terkirim Bro",[21:34:48]
3494120504,265666825,"CIP MD HIGGS DOMINO 1M MURAH",20,124,"Chip Belum Terkirim Bro",[21:34:56]
3494108492,43245743,"CIP MD DOMINO 1M MURAH",32,124,"Chip Telah Terkirim",[21:38:32]
3494103263,427951825,"CIP MD HIGGS DOMINO 1M MURAH",10,124,"Chip Telah Terkirim",[21:38:38]
3494101823,425951028,"CIP MD HIGGS DOMINO 1M MURAH",14,124,"Chip Telah Terkirim",[21:38:50]
3494208017,410548270,"CIP MD HIGGS DOMINO 1M MURAH",10,124,"Chip Telah Terkirim",[21:40:16]
3494209601,480308537,"CIP MD HIGGS DOMINO 1M MURAH",12,124,"Chip Telah Terkirim",[21:45:03]
3494209820,246823709,"CIP MD HIGGS DOMINO 1M MURAH",8,124,"Chip Telah Terkirim",[21:46:07]
3494211644,306430722,"CIP MD HIGGS DOMINO 1M MURAH",15,124,"Chip Telah Terkirim",[21:52:10]
3494212985,482129979,"CIP MD HIGGS DOMINO 1M MURAH",10,124,"Chip Telah Terkirim",[21:56:33]
3494213741,281992279,"CHIP MD HIGGS DOMINO 1M MURAH",40,124,"Chip Belum Terkirim Bro",[22:00:14]
3494214155,5476011,"CHIP MD DOMINO 1M MURAH",41,124,"Chip Belum Terkirim Bro",[22:00:40]
3494215895,101923396,"CHIP MD DOMINO 1M MURAH",7,124,"Chip Belum Terkirim Bro",[22:05:59]
3494216753,287565828,"CIP KOIN UNGU MD HIGGS DOMINO 1B",1,68500,"Chip Telah Terkirim",[22:09:23]
3494217782,442044302,"CHIP MD HIGGS DOMINO 1M MURAH",3,124,"Chip Belum Terkirim Bro",[22:12:50]
3494222804,103631831,"CIP MD HIGGS DOMINO 1M MURAH",7,124,"Chip Telah Terkirim",[22:29:40]
3494227928,267828738,"CHIP MD DOMINO 1M MURAH",3,124,"Chip Telah Terkirim",[22:47:50]
3494230034,99692533,"CIP KOIN MD 1B MURAH HIGGS DOMINO 1B",1,68500,"Chip Telah Terkirim",[22:55:48]
3494234525,187757483,"CHIP MD HIGGS DOMINO 1M TERMURAH",50,124,"Chip Telah Terkirim",[23:12:41]
